relative_time,lost,bridge
0.0,False,False
26.424851968,True,False
26.580059904,False,False
28.97603968,True,True
30.157539072,False,False
39.381623552,True,True
39.671382272,False,False
39.687554304,True,False
39.693051136,False,False
39.751485952,True,True
39.772809984,False,False
39.99160448,True,False
40.002161152,False,False
41.053516032,True,False
41.064084992,False,False
41.387629568,True,False
41.562486272,False,False
44.892513792,True,False
44.941441024,False,False
46.308160768,True,True
46.831592192,False,False
56.383042048,True,False
56.544819968,False,False
70.433158656,True,True
71.013378048,False,False
71.438729216,True,True
71.546064128,False,False
82.369111552,True,False
82.414764288,False,False
93.688011776,True,True
94.606729984,False,False
101.389069056,True,False
101.55432192,False,False
101.716345088,True,True
102.109860096,False,False
105.400558592,True,False
105.41111296,False,False
116.371460352,True,False
116.528393984,False,False
117.507913472,True,False
117.523826176,False,False
147.063759872,True,True
147.627323136,False,False
161.39020544,True,False
161.554494208,False,False
178.373597696,True,True
178.911119104,False,False
185.612339968,True,False
185.628585216,False,False
191.381139712,True,False
191.54623616,False,False
199.544844032,True,True
200.018043136,False,False
202.63914496,True,False
202.652492032,False,False
206.38402304,True,False
206.525762048,False,False
210.547785984,True,False
210.564201216,False,False
211.229577984,True,False
211.234724096,False,False
236.509493504,True,False
236.531220224,False,False
251.506794752,True,False
251.546776064,False,False
274.586563328,True,False
274.708667136,False,False
284.66713216,True,False
284.68319104,False,False
284.699192832,True,False
284.73097216,False,False
296.539542016,True,False
296.586451968,False,False
300.4480128,True,True
300.946831104,False,False
311.384191744,True,False
311.561847296,False,False
315.675547392,True,False
315.700518144,False,False
335.30968832,True,False
335.393965056,False,False
341.520197632,True,False
341.553115136,False,False
345.757932032,True,True
345.933173248,False,False
359.158025216,True,False
359.171070208,False,False
367.032143616,True,False
367.042633984,False,False
374.338630912,True,True
374.882665216,False,False
386.376104704,True,False
386.56320128,False,False
401.50552832,True,False
401.544295168,False,False
405.208730112,True,True
405.793519104,False,False
416.38821504,True,False
416.552254208,False,False
428.277345024,True,True
428.86979328,False,False
431.375132416,True,False
431.54459008,False,False
436.242131456,True,True
436.408792064,False,False
444.632599552,True,False
444.648312064,False,False
461.515740928,True,False
461.535332096,False,False
503.339770368,True,True
503.844310016,False,False
506.40413824,True,False
506.619917056,False,False
506.635699456,True,False
506.645726208,False,False
506.65635456,True,False
506.709496064,False,False
522.449028096,True,False
522.475821056,False,False
536.38534528,True,False
536.547286016,False,False
547.600681472,True,True
548.072210944,False,False
551.398617856,True,False
551.543968256,False,False
574.96339328,True,True
575.125589248,False,False
599.668433664,True,True
599.814814208,False,False
620.6566336,True,False
620.69668096,False,False
622.647334912,True,True
623.394976256,False,False
626.381826816,True,False
626.793734144,False,False
626.811512576,True,False
626.84680704,False,False
626.85882496,True,False
627.4178432,False,False
627.43679232,True,False
628.414034176,False,False
628.447650048,True,False
628.456258048,False,False
628.469593088,True,False
628.496262912,False,False
628.60304,True,False
628.628315136,False,False
628.711661056,True,False
628.745679104,False,False
628.759016704,True,False
628.785410048,False,False
628.81863552,True,False
628.84956416,False,False
628.908195584,True,False
628.954991104,False,False
628.967851008,True,False
628.993379072,False,False
629.009437952,True,False
629.05761408,False,False
629.069313024,True,False
629.104013312,False,False
629.122045696,True,False
629.248273152,False,False
629.275117312,True,False
629.315026944,False,False
629.325981696,True,False
641.726902016,False,False
642.065626368,True,False
642.106163968,False,False
655.751497216,True,True
656.139416064,False,False
656.142696192,True,False
656.145976064,False,False
656.50556672,True,True
657.760838144,False,False
658.053138688,True,False
658.065242112,False,False
658.121071872,True,False
658.133321984,False,False
658.494280192,True,False
658.521040128,False,False
658.893095168,True,False
658.905170176,False,False
659.298991616,True,False
659.31302912,False,False
659.980779776,True,False
659.9968832,False,False
660.038772992,True,False
660.04902912,False,False
660.611011072,True,False
660.625067008,False,False
660.939003136,True,False
660.956737024,False,False
661.082854144,True,False
661.09682304,False,False
661.605201664,True,False
661.62159616,False,False
661.651726592,True,False
661.681024,False,False
661.702804992,True,False
661.716876032,False,False
662.286727936,True,False
662.30471808,False,False
662.32515968,True,False
662.336784128,False,False
662.34686464,True,False
662.356945152,False,False
662.437302528,True,False
662.452780032,False,False
662.464026368,True,False
662.688954112,False,False
662.708890112,True,False
662.724930048,False,False
662.736957696,True,False
662.761012992,False,False
662.787127552,True,False
662.804614144,False,False
662.836116736,True,False
662.912945152,False,False
662.923952896,True,False
662.956976128,False,False
663.187133696,True,False
663.200752128,False,False
663.216842496,True,False
663.23293312,False,False
667.336961536,True,False
667.352980992,False,False
670.436785408,True,False
670.448826112,False,False
671.453258496,True,False
671.46475904,False,False
671.915856384,True,False
672.04541696,False,False
686.498872064,True,False
686.675129088,False,False
687.51631616,True,False
687.554406144,False,False
687.567306496,True,False
687.656866048,False,False
687.66653696,True,False
687.714892032,False,False
687.730235648,True,False
687.760724992,False,False
688.043879936,True,False
688.052932864,False,False
688.07853952,True,False
688.129753088,False,False
688.152898816,True,False
688.1609152,False,False
688.209689088,True,False
688.224578048,False,False
688.254152192,True,False
688.275543296,False,False
688.296302592,True,False
688.337820928,False,False
688.357222144,True,False
688.37650304,False,False
688.411409408,True,False
688.465110016,False,False
688.4776,True,False
688.515070208,False,False
689.615359232,True,False
689.633871104,False,False
689.92994944,True,False
689.954838016,False,False
689.977755392,True,False
690.000574976,False,False
690.033329152,True,False
690.128879104,False,False
690.192849664,True,False
690.208823296,False,False
690.23271296,True,False
690.248593152,False,False
690.545287424,True,False
690.553085952,False,False
690.697267968,True,True
691.239905024,False,False
701.388982784,True,False
701.548049152,False,False
716.601228288,True,False
716.648020992,False,False
716.703092992,True,False
716.716249088,False,False
716.807314688,True,False
716.817969152,False,False
718.855035904,True,True
719.733040128,False,False
731.4539968,True,False
731.607147008,False,False
736.515515136,True,False
736.526895104,False,False
743.034163712,True,True
743.70890112,False,False
746.375669504,True,False
746.566330112,False,False
762.314298368,True,True
762.801431296,False,False
764.928758784,True,False
764.990178048,False,False
776.394308352,True,False
776.551578112,False,False
782.90099072,True,False
782.921028096,False,False
791.516126464,True,False
791.542262016,False,False
805.467608832,True,True
805.606358016,False,False
820.860396288,True,True
821.180569088,False,False
821.193834752,True,False
821.20710016,False,False
821.212312064,True,False
821.21739904,False,False
821.246919168,True,False
821.249766144,False,False
821.263134464,True,False
821.265767168,False,False
844.909307136,True,False
844.93350912,False,False
851.522210048,True,False
851.551011072,False,False
856.87995648,True,True
857.474888192,False,False
866.38371968,True,False
866.560924928,False,False
893.49111168,True,True
894.308099072,False,False
896.403893504,True,False
896.547980032,False,False
911.523522048,True,False
911.557369088,False,False
911.627903488,True,False
911.718057984,False,False
926.519176704,True,False
926.561042176,False,False
930.03307136,True,True
930.198324224,False,False
941.501486336,True,False
941.724867072,False,False
951.48043008,True,True
952.039056128,False,False
956.391084288,True,False
956.618191104,False,False
958.988825856,True,False
959.007106048,False,False
986.52147584,True,False
986.555636224,False,False
996.87539072,True,True
997.678006272,False,False
1009.639357184,True,False
1009.66383104,False,False
1016.388446976,True,False
1016.550142976,False,False
1029.192574464,True,True
1029.416779008,False,False
1031.422517248,True,False
1031.556543232,False,False
1031.56724608,True,False
1031.577851904,False,False
1046.495057664,True,False
1046.858174208,False,False
1046.869175552,True,True
1068.167938048,False,False
1070.433067008,True,False
1070.461456896,False,False
1070.53090176,True,True
1070.984587264,False,False
1070.99619584,True,True
1071.054238976,False,False
1071.064502528,True,False
1071.07476608,False,False
1075.082064896,True,False
1082.429071104,False,False
1082.429579264,True,False
1082.636169216,False,False
1086.170740224,True,False
1086.20206208,False,False
1091.512974848,True,False
1092.302896896,False,False
1092.310231296,True,False
1092.339916032,False,False
1103.126588928,True,False
1103.32646016,False,False
1106.63172992,True,False
1106.917613056,False,False
1106.97714944,True,False
1106.99343616,False,False
1107.006781696,True,False
1107.033473024,False,False
1107.057369088,True,False
1107.06952704,False,False
1130.973398016,True,False
1131.053341184,False,False
1131.1494528,True,True
1131.48079616,False,False
1151.53186432,True,False
1151.577846016,False,False
1164.407431936,True,True
1164.687751936,False,False
1164.692845056,True,True
1164.70303104,False,False
1166.884371712,True,False
1166.90055808,False,False
1166.970241536,True,False
1166.970334976,False,False
1177.377932032,True,False
1177.396656128,False,False
1190.645810176,True,False
1190.65660416,False,False
1196.7990912,True,False
1196.825777152,False,False
1211.525595392,True,False
1211.592107008,False,False
1214.09947904,True,True
1214.625963264,False,False
1225.782725888,True,False
1225.806729984,False,False
1226.371342336,True,False
1226.547686144,False,False
1247.058647552,True,True
1247.318778112,False,False
1271.373150976,True,False
1271.547062272,False,False
1272.546846208,True,False
1272.55489024,False,False
1274.945430528,True,True
1275.642822144,False,False
1276.646662912,True,False
1276.662608128,False,False
1277.074774528,True,False
1277.094746112,False,False
1277.682530304,True,False
1277.707975168,False,False
1277.936254464,True,False
1277.960180992,False,False
1277.960230144,True,False
1277.96027904,False,False
1278.338180096,True,False
1278.360125952,False,False
1278.41618944,True,False
1278.416239872,False,False
1278.562284032,True,False
1278.58024704,False,False
1278.59623552,True,False
1278.612125184,False,False
1278.65534592,True,False
1278.666422016,False,False
1281.365387776,True,False
1281.402883072,False,False
1281.53559168,True,False
1281.576281088,False,False
1282.304059136,True,False
1282.32804096,False,False
1286.421483008,True,False
1286.67639296,False,False
1304.507942144,True,True
1305.251015168,False,False
1315.555369728,True,False
1315.567835136,False,False
1316.415918592,True,False
1316.415975936,False,False
1316.465729792,True,False
1316.614991104,False,False
1326.738818304,True,False
1326.745185024,False,False
1341.990437632,True,True
1343.84486912,False,False
1346.490683648,True,False
1350.239290112,False,False
1352.835033088,True,False
1352.849643008,False,False
1355.196452608,True,False
1355.206635008,False,False
1355.944144128,True,False
1355.956294912,False,False
1356.27883648,True,False
1356.292061184,False,False
1356.376204544,True,False
1356.388349952,False,False
1356.39905664,True,False
1356.409763072,False,False
1356.532237568,True,False
1356.542822144,False,False
1360.31808384,True,False
1360.338601216,False,False
1360.996251904,True,False
1361.006874112,False,False
1361.110061824,True,False
1361.129639168,False,False
1361.411933952,True,False
1361.543624192,False,False
1362.372056064,True,False
1362.390064128,False,False
1362.521167104,True,False
1362.552291072,False,False
1374.694733568,True,True
1375.303053056,False,False
1376.407139072,True,False
1376.649027072,False,False
1391.374116864,True,False
1391.550103296,False,False
1396.6074816,True,False
1396.624401152,False,False
1403.819156992,True,False
1403.83895296,False,False
1405.491444992,True,False
1405.506776064,False,False
1406.40833152,True,False
1406.408336128,False,False
1406.435380224,True,False
1406.54355712,False,False
1416.03113344,True,False
1416.07118208,False,False
1421.498168832,True,False
1421.765913088,False,False
1421.808319232,True,False
1421.935121152,False,False
1421.942600704,True,False
1422.00991616,False,False
1422.015460864,True,False
1422.037640192,False,False
1422.051268352,True,False
1422.173922048,False,False
1422.216099584,True,False
1422.261890048,False,False
1422.27700352,True,False
1422.337457152,False,False
1422.35718528,True,False
1422.376913152,False,False
1422.388626688,True,False
1422.412054016,False,False
1422.440564992,True,False
1422.472771072,False,False
1422.479759104,True,False
1422.486747136,False,False
1422.52683904,True,False
1422.54816,False,False
1422.56565888,True,False
1422.600656896,False,False
1422.6688192,True,False
1422.676057088,False,False
1422.696343808,True,False
1422.736916992,False,False
1422.806384384,True,False
1422.87277824,False,False
1422.886063872,True,False
1422.912635136,False,False
1422.928819968,True,False
1422.961189888,False,False
1422.983194368,True,False
1423.049208064,False,False
1423.057829632,True,False
1423.10955904,False,False
1423.1199424,True,False
1423.150803968,False,False
1423.163089152,True,False
1423.33398912,False,False
1423.36494464,True,False
1423.382076928,False,False
1423.405975296,True,False
1423.422911232,False,False
1423.43489408,True,False
1423.518772992,False,False
1423.538363136,True,False
1423.551427072,False,False
1423.564649216,True,False
1423.577871104,False,False
1423.587336192,True,False
1423.606266112,False,False
1423.646502656,True,False
1423.7554112,False,False
1423.761908224,True,False
1423.768405248,False,False
1423.85478784,True,False
1423.958530304,False,False
1423.970964992,True,False
1424.033138944,False,False
1424.074169088,True,False
1424.094246144,False,False
1424.103847424,True,False
1424.142253056,False,False
1424.162276096,True,False
1424.182299136,False,False
1424.194165504,True,False
1424.229764096,False,False
1424.240084224,True,False
1424.291684096,False,False
1424.347208704,True,False
1424.379767296,False,False
1424.410722816,True,False
1424.420474112,False,False
1424.5285312,True,False
1424.555519232,False,False
1424.570835712,True,False
1424.616785152,False,False
1424.633652736,True,False
1424.664883968,False,False
1424.68120704,True,False
1424.697530112,False,False
1424.7116416,True,False
1424.725753088,False,False
1424.776451328,True,False
1424.827508224,False,False
1424.839445504,True,False
1424.875257088,False,False
1424.888456448,True,False
1424.901656064,False,False
1424.921640704,True,False
1424.928134144,False,False
1424.945733632,True,False
1424.96333312,False,False
1425.03451008,True,False
1425.04446208,False,False
1425.057022464,True,False
1425.220307968,False,False
1425.233312,True,False
1425.336615168,False,False
1425.360132864,True,False
1425.36361216,False,False
1425.393960192,True,False
1425.41153408,False,False
1425.424876544,True,False
1425.438219008,False,False
1425.462471424,True,False
1425.506008064,False,False
1425.54204672,True,False
1425.574056192,False,False
1425.592441344,True,False
1425.628685056,False,False
1425.638794496,True,False
1425.648904192,False,False
1425.6921408,True,False
1425.70990208,False,False
1425.7258304,True,False
1425.75768704,False,False
1425.774253056,True,False
1425.790819072,False,False
1425.801158144,True,False
1425.832175104,False,False
1425.852515072,True,False
1425.872855296,False,False
1425.883013888,True,False
1425.93380608,False,False
1425.956126976,True,False
1425.973675008,False,False
1426.007389696,True,False
1426.082945024,False,False
1426.089805568,True,False
1426.096539136,False,False
1426.123772672,True,False
1426.137882112,False,False
1426.19164544,True,False
1426.219574272,False,False
1426.237358336,True,False
1426.272926208,False,False
1426.290115584,True,False
1426.307207168,False,False
1426.320760576,True,False
1426.334237184,False,False
1426.344915712,True,False
1426.35559424,False,False
1426.368959744,True,False
1426.382325248,False,False
1426.394764544,True,False
1426.456960256,False,False
1426.470365696,True,False
1426.483771136,False,False
1426.490340608,True,False
1426.49691008,False,False
1426.52483456,True,False
1426.544840192,False,False
1426.556344832,True,False
1426.579354112,False,False
1426.605496064,True,False
1426.667931136,False,False
1426.721143552,True,False
1426.803322112,False,False
1426.816623872,True,False
1426.829925888,False,False
1426.85504512,True,False
1426.877763072,False,False
1426.889424896,True,False
1426.924410112,False,False
1426.933701632,True,False
1426.952284928,False,False
1426.961225984,True,False
1426.979108096,False,False
1426.992729856,True,False
1427.033595136,False,False
1427.044799232,True,False
1427.067207168,False,False
1427.10850304,True,False
1427.115130112,False,False
1427.128440064,True,False
1427.141750016,False,False
1427.182602496,True,False
1427.196598016,False,False
1427.230616576,True,False
1427.251645952,False,False
1427.274364672,True,False
1427.290964992,False,False
1427.315995136,True,False
1427.339083264,False,False
1427.369007104,True,False
1427.379010304,False,False
1427.447749632,True,False
1427.502108928,False,False
1427.51543552,True,False
1427.528762112,False,False
1427.565489408,True,False
1427.583266048,False,False
1427.609872384,True,False
1427.691635968,False,False
1427.702150912,True,False
1427.712666112,False,False
1427.721669888,True,False
1427.739677184,False,False
1427.755743744,True,False
1427.78787712,False,False
1427.799410432,True,False
1427.834010112,False,False
1427.875673856,True,False
1427.915840256,False,False
1427928,True,False
1428.025278208,False,False
1428.025327616,True,False
1428.025377024,False,False
1428.074823424,True,False
1428.126464256,False,False
1428.133167872,True,False
1428.139871232,False,False
1428.16033408,True,False
1428.180797184,False,False
1428.187381248,True,False
1428.193965312,False,False
1428.211104512,True,False
1428.262521856,False,False
1428.275685632,True,False
1428.288849152,False,False
1428.296124672,True,False
1428.303399936,False,False
1428.33243648,True,False
1428.36362112,False,False
1428.406987776,True,False
1428.425089024,False,False
1428.449483008,True,False
1428.472985088,False,False
1428.495075328,True,False
1428.573851136,False,False
1428.591525632,True,False
1428.595633152,False,False
1428.615539456,True,False
1428.635446016,False,False
1428.652102144,True,False
1428.662191104,False,False
1428.67934208,True,False
1428.696493056,False,False
1428.70347008,True,False
1428.710447104,False,False
1428.734097664,True,False
1428.757748224,False,False
1428.787432448,True,False
1428.819243264,False,False
1428.832550144,True,False
1428.845755136,False,False
1428.85478016,True,False
1428.872830208,False,False
1428.903269632,True,False
1428.92056704,False,False
1428.936695296,True,False
1428.968952064,False,False
1428.975592704,True,False
1428.98887424,False,False
1429.030951936,True,False
1429.11007488,False,False
1429.182186496,True,False
1429.225992192,False,False
1429.261059328,True,False
1429.293720064,False,False
1429.323588096,True,False
1429.355638016,False,False
1429.392401664,True,False
1429.423139072,False,False
1429.436399872,True,False
1429.449660928,False,False
1429.466056448,True,False
1429.53163904,False,False
1429.540193792,True,False
1429.565858048,False,False
1429.586011136,True,False
1429.599268096,False,False
1429.6739136,True,False
1429.693657088,False,False
1429.755469824,True,False
1429.782229248,False,False
1429.816652544,True,False
1429.856803072,False,False
1429.867435776,True,False
1429.878068224,False,False
1429.898007808,True,False
1429.911424256,False,False
1429.946656512,True,False
1430.005942016,False,False
1430.033805568,True,False
1430.040454144,False,False
1430.053861632,True,False
1430.06726912,False,False
1430.094609152,True,False
1430.12213504,False,False
1430.13865216,True,False
1430.148862208,False,False
1430.183481088,True,False
1430.203845888,False,False
1430.223349504,True,False
1430.229891072,False,False
1430.24069248,True,False
1430.251494144,False,False
1430.294573824,True,False
1430.304751104,False,False
1430.339023616,True,False
1430.352477952,False,False
1430.386223104,True,False
1430.4541632,False,False
1430.46797696,True,False
1430.481790976,False,False
1430.488398592,True,False
1430.495006208,False,False
1430.549864192,True,False
1430.563316992,False,False
1430.627727104,True,False
1430.64432,False,False
1430.705760512,True,False
1430.712303104,False,False
1430.763374592,True,False
1430.773683968,False,False
1430.786164736,True,False
1430.848569088,False,False
1430.886255872,True,False
1430.963303936,False,False
1430.980529408,True,False
1430.997755136,False,False
1431.011256576,True,False
1431.024758016,False,False
1431.062016512,True,False
1431.072985088,False,False
1431.083981824,True,False
1431.10597504,False,False
1431.132860416,True,False
1431.17411712,False,False
1431.186093568,True,False
1431.222022912,False,False
1431.260769024,True,False
1431.296739072,False,False
1431.311681792,True,False
1431.37145216,False,False
1431.391363072,True,False
1431.39781504,False,False
1431.469714688,True,False
1431.588621056,False,False
1431.617570048,True,False
1431.696454912,False,False
1431.787934464,True,False
1431.797630976,False,False
1431.821883648,True,False
1431.846136064,False,False
1431.85788544,True,False
1431.881186048,False,False
1431.90146688,True,False
1431.96230912,False,False
1431.969188352,True,False
1431.982747136,False,False
1432.002110208,True,False
1432.009149184,False,False
1432.033031168,True,False
1432.056913152,False,False
1432.073265408,True,False
1432.083343104,False,False
1432.114104576,True,False
1432.144765184,False,False
1432.155803392,True,False
1432.233071104,False,False
1432.26378624,True,False
1432.29437312,False,False
1432.324877568,True,False
1432.328580096,False,False
1432.377829888,True,False
1432.395467008,False,False
1432.430273792,True,False
1432.443471104,False,False
1432.452507392,True,False
1432.470580224,False,False
1432.487911168,True,False
1432.505242112,False,False
1432.526921472,True,False
1432.545096192,False,False
1432.594957568,True,False
1432.619666944,False,False
1432.702492416,True,False
1432.734973184,False,False
1432.810194176,True,False
1432.8300352,False,False
1432.84617984,True,False
1432.878468864,False,False
1432.89849216,True,False
1432.9185152,False,False
1432.921053184,True,False
1432.926129152,False,False
1432.949217536,True,False
1432.97230592,False,False
1432.996877056,True,False
1433.0142272,False,False
1433.051330048,True,False
1433.081921024,False,False
1433.144195328,True,False
1433.19054592,False,False
1433.214566144,True,False
1433.271040256,False,False
1433.427781376,True,False
1433.481949952,False,False
1433.519370496,True,False
1433.536756992,False,False
1433.633614336,True,False
1433.651303168,False,False
1433.68226048,True,False
1433.699526912,False,False
1433.712827648,True,False
1433.726128128,False,False
1433.796277504,True,False
1433.814066176,False,False
1433.848616704,True,False
1433.87545216,False,False
1433.900446976,True,False
1433.912075008,False,False
1433.938163456,True,False
1433.965074176,False,False
1434.020375808,True,False
1434.037867008,False,False
1434.041939712,True,False
1434.04601216,False,False
1434.154045696,True,False
1434.17412608,False,False
1434.204528384,True,False
1434.221576192,False,False
1434.259537152,True,False
1434.28320512,False,False
1434.368137472,True,False
1434.378115072,False,False
1434.389189632,True,False
1434.411339008,False,False
1434.425301248,True,False
1434.439263232,False,False
1434.497008128,True,False
1434.50752128,False,False
1434.520919808,True,False
1434.534318336,False,False
1434.575460096,True,False
1434.58879616,False,False
1434.612081152,True,False
1434.622016256,False,False
1434.669994752,True,False
1434.683172096,False,False
1434.779830784,True,False
1434.805788928,False,False
1434.875135232,True,False
1434.907474944,False,False
1434.948521728,True,False
1434.955187968,False,False
1434.968592896,True,False
1434.995403008,False,False
1435.010782976,True,False
1435.056923136,False,False
1435.106791936,True,False
1435.124431104,False,False
1435.199663104,True,False
1435.212749056,False,False
1435.300769536,True,False
1435.307358976,False,False
1435.342347008,True,False
1435.355585024,False,False
1435.438821888,True,False
1435.45692928,False,False
1435.463973888,True,False
1435.478063104,False,False
1435.520474112,True,False
1435.566248192,False,False
1435.579579648,True,False
1435.592911104,False,False
1435.617599744,True,False
1435.640873216,False,False
1435.654240512,True,False
1435.667608064,False,False
1435.679080448,True,False
1435.702025216,False,False
1435.722146048,True,False
1435.742168064,False,False
1435.75820288,True,False
1435.79007232,False,False
1435.827547648,True,False
1435.838342144,False,False
1435.858323456,True,False
1435.87822592,False,False
1435.887035648,True,False
1435.904655104,False,False
1435.920533504,True,False
1435.952290048,False,False
1435.99535104,True,False
1436.027583232,False,False
1436.0384448,True,False
1436.081891072,False,False
1436.121555968,True,False
1436.128370944,False,False
1436.144402944,True,False
1436.1764672,False,False
1436.19379456,True,False
1436.21112192,False,False
1436.227907584,True,False
1436.277889024,False,False
1436.354281728,True,False
1436.413885184,False,False
1436.429979392,True,False
1436.462168064,False,False
1436.4993664,True,False
1437.229430272,False,False
1443.023076096,True,True
1443.289261056,False,False
1451.402380288,True,False
1451.55820416,False,False
1467.35766144,True,False
1467.387719168,False,False
1480.131416576,True,False
1480.151430144,False,False
1480.516201728,True,False
1480.528350976,False,False
1485.109176832,True,True
1485.992611072,False,False
1496.384952576,True,False
1496.560635136,False,False
1500.944326912,True,False
1500.960256,False,False
1506.588769536,True,False
1506.596783104,False,False
1511.503018752,True,False
1511.555504128,False,False
1523.99916416,True,True
1524.55728512,False,False
1524.557629184,True,True
1524.557647104,False,False
1526.382755584,True,False
1526.565305088,False,False
1539.167306752,True,False
1539.189271296,False,False
1562.11608448,True,True
1562.752155136,False,False
1571.38202496,True,False
1571.569921024,False,False
1621.770456832,True,True
1622.55121792,False,False
1626.241724672,True,False
1626.252418048,False,False
1631.386950912,True,False
1631.524496128,False,False
1646.529176832,True,False
1646.574113024,False,False
1682.428159744,True,False
1682.442201088,False,False
1682.466089728,True,False
1682.478267136,False,False
1682.583957504,True,False
1682.598035968,False,False
1686.94734592,True,False
1686.974112,False,False
1687.518009088,True,False
1687.533863936,False,False
1688.1579072,True,False
1688.169846016,False,False
1688.444064512,True,False
1688.458202112,False,False
1688.4700416,True,False
1688.481881088,False,False
1690.704042752,True,False
1690.721842176,False,False
1726.381860864,True,False
1726.399592192,False,False
1726.431350016,True,False
1726.442045184,False,False
1737.751596032,True,False
1737.772928,False,False
1737.79661696,True,False
1737.815320064,False,False
1738.030301952,True,False
1738.044226048,False,False
1738.50042624,True,False
1738.524864256,False,False
1739.998596608,True,False
1740.011649024,False,False
1741.237324544,True,False
1741.281864192,False,False
1741.305262336,True,False
1741.313199872,False,False
1741.452446976,True,False
1741.462594048,False,False
1741.654649088,True,False
1741.66500608,False,False
1741.70816256,True,False
1741.71860096,False,False
1741.76187776,True,False
1741.783392256,False,False
1741.793650176,True,False
1741.803908096,False,False
1747.894454528,True,False
1748.006578176,False,False
1781.904553216,True,True
1782.637145088,False,False
1790.43761152,True,False
1790.45420416,False,False
1796.406413056,True,False
1796.551930112,False,False
1811.511689984,True,False
1811.577772032,False,False
1826.521965312,True,False
1826.554283264,False,False
1826.554332672,True,False
1826.55438208,False,False
1841.536898304,True,False
1841.594916096,False,False
1849.581278464,True,True
1850.153833216,False,False
1854.380259072,True,False
1854.392214016,False,False
1856.41659008,True,False
1856.548998144,False,False
1858.889209088,True,False
1858.916027904,False,False
1871.51821568,True,False
1871.560020224,False,False
1892.189698048,True,False
1892.209103104,False,False
1901.794224896,True,True
1902.650535936,False,False
1913.134313216,True,False
1913.134360064,False,False
1913.916050432,True,False
1913.953255168,False,False
1916.386238976,True,False
1916.543538944,False,False
1936.291867904,True,True
1937.176109056,False,False
1946.396779264,True,False
1946.566260992,False,False
1973.836374784,True,True
1974.023458048,False,False
1976.516973824,True,False
1976.5537792,False,False
1991.534431488,True,False
1991.588406016,False,False
2017.981907712,True,True
2018.497119232,False,False
2021.377567488,True,False
2021.601007104,False,False
2053.44475392,True,True
2054.027747072,False,False
2066.37258752,True,False
2066.547346944,False,False
2081.515181824,True,False
2081.554460928,False,False
2090.037270272,True,True
2090.790793216,False,False
2096.395772928,True,False
2096.570114048,False,False
2104.650066176,True,False
2104.660850944,False,False
2111.479932928,True,False
2111.570115072,False,False
2116.346269184,True,False
2116.356799232,False,False
2135.487132928,True,False
2135.508628992,False,False
2160.973660416,True,False
2161.002253056,False,False
2172.7686848,True,True
2173.345056,False,False
2173.574297856,True,False
2173.592779264,False,False
2174.554156544,True,False
2174.582127104,False,False
2174.596386816,True,False
2174.624752128,False,False
2175.139780608,True,False
2175.139832064,False,False
2177.482040832,True,False
2177.526394112,False,False
2177.54043392,True,False
2177.554352896,False,False
2186.385121024,True,False
2186.577763072,False,False
2200.438720256,True,True
2200.929498112,False,False
2200.933330432,True,True
2200.939995136,False,False
2201.193402112,True,True
2201.22505216,False,False
2201.408744192,True,True
2201.554041088,False,False
2222.21929472,True,True
2222.770017024,False,False
2231.496335616,True,False
2231.61118592,False,False
2237.842279168,True,True
2238.374432,False,False
2246.387435776,True,False
2246.601261056,False,False
2248.33343872,True,False
2248.410046208,False,False
2248.410257664,True,False
2248.410267136,False,False
2248.586350336,True,False
2248.613174272,False,False
2248.97539968,True,False
2249.054588928,False,False
2249.327145216,True,False
2249.347721984,False,False
2251.359430912,True,False
2251.359479296,False,False
2251.399508992,True,False
2251.439495936,False,False
2251.460272128,True,False
2251.48086912,False,False
2252.338403072,True,False
2252.37341312,False,False
2252.649938688,True,False
2252.649950976,False,False
2252.649959424,True,False
2252.649976064,False,False
2254.569602816,True,False
2254.58626816,False,False
2255.222012928,True,False
2255.268246272,False,False
2255.26829568,True,False
2255.268345088,False,False
2255.359501568,True,False
2255.359517184,False,False
2255.478988544,True,False
2255.519139072,False,False
2255.519282176,True,False
2255.519296256,False,False
2255.593976576,True,False
2255.614947072,False,False
2255.615021056,True,False
2255.61509504,False,False
2256.065551872,True,False
2256.065570048,False,False
2256.315765504,True,False
2256.346811136,False,False
2258.103003136,True,False
2258.155191296,False,False
2258.639548672,True,False
2258.63956224,False,False
2258.684672768,True,False
2258.72978304,False,False
2258.729950976,True,False
2258.729963008,False,False
2258.80544896,True,False
2258.805473024,False,False
2259.398689792,True,False
2259.434491136,False,False
2259.45050752,True,False
2259.46652416,False,False
2261.222679552,True,False
2261.254342912,False,False
2261.475807232,True,False
2261.548897024,False,False
2266.514076928,True,False
2266.53024,False,False
2266.834055168,True,False
2266.85007616,False,False
2275.032493312,True,True
2275.81649024,False,False
2275.838159104,True,False
2275.840662016,False,False
2276.373403904,True,True
2276.556975104,False,False
2276.66222976,True,False
2276.673117184,False,False
2277.09148544,True,False
2277.102212096,False,False
2280.232473856,True,False
2280.243300096,False,False
2280.578180352,True,False
2280.580980992,False,False
2282.11937664,True,False
2282.130015232,False,False
2284.092884224,True,False
2284.098221056,False,False
2284.11398016,True,False
2284.129739008,False,False
2289.681115392,True,False
2289.691776,False,False
2292.756978432,True,True
2293.38757504,False,False
2298.883554048,True,False
2298.891657216,False,False
2302.454206208,True,False
2302.459622144,False,False
2303.115446016,True,False
2303.126131968,False,False
2304.197997824,True,False
2304.208983296,False,False
2304.5422144,True,False
2304.55575296,False,False
2306.387693824,True,False
2306.610288128,False,False
2323.16836224,True,False
2323.178831104,False,False
2325.77665408,True,False
2325.797420032,False,False
2327.779934464,True,True
2328.515361024,False,False
2336.390077184,True,False
2336.536744192,False,False
2341.35927936,True,True
2342.143154176,False,False
2351.38733696,True,False
2351.559380992,False,False
2363.986152192,True,False
2364.024898048,False,False
2369.34455296,True,True
2369.799858176,False,False
2374.798770432,True,False
2374.811468032,False,False
2381.405311744,True,False
2381.549758208,False,False
2421.306948352,True,False
2421.966577152,False,False
2425.314179328,True,False
2425.330174208,False,False
2426.416297216,True,False
2426.588184064,False,False
2431.196857344,True,False
2431.286312192,False,False
2436.85719424,True,False
2436.876006144,False,False
2437.741794048,True,False
2437.754774016,False,False
2438.598028032,True,False
2438.603221248,False,False
2456.53553024,True,False
2456.58377728,False,False
2460.377590528,True,False
2460.39426816,False,False
2466.304706048,True,False
2466.316670208,False,False
2466.422464768,True,False
2466.441804288,False,False
2466.452512512,True,False
2466.473929216,False,False
2466.540573952,True,False
2466.552683008,False,False
2466.768436224,True,False
2466.78041216,False,False
2466.804302336,True,False
2466.835421184,False,False
2470.063104768,True,False
2470.115418112,False,False
2470.164851968,True,False
2470.19395712,False,False
2470.213895168,True,False
2470.225736192,False,False
2471.524205056,True,False
2471.555899136,False,False
2485.812377344,True,False
2485.823090944,False,False
2501.55398016,True,False
2501.621776128,False,False
2521.910973952,True,False
2521.923078912,False,False
2533.712326912,True,True
2534.383777024,False,False
2546.379803904,True,False
2546.584963072,False,False
2577.67511296,True,True
2578.142984192,False,False
2578.143547136,True,True
2578.14976128,False,False
2591.374931712,True,False
2591.572118016,False,False
2620.649733632,True,False
2620.830139136,False,False
2632.186374144,True,True
2632.646324224,False,False
2636.39337088,True,False
2636.594678272,False,False
2672.302857728,True,True
2672.801621248,False,False
2674.868103424,True,False
2674.94811008,False,False
2680.33972352,True,False
2680.921369088,False,False
2680.93149312,True,False
2680.94142208,False,False
2681.39485312,True,False
2681.531337984,False,False
2684.003207936,True,False
2684.013817088,False,False
2684.807684608,True,False
2684.840437248,False,False
2684.851139328,True,False
2684.861841152,False,False
2684.967614464,True,False
2684.981163008,False,False
2685.510243584,True,False
2685.53197824,False,False
2685.591145216,True,False
2685.603133184,False,False
2689.238740224,True,False
2689.25492224,False,False
2692.506043392,True,False
2692.543508992,False,False
2692.862653696,True,False
2692.86809216,False,False
2711.534897664,True,False
2711.603463168,False,False
2715.708164352,True,True
2716.304057088,False,False
2723.34829184,True,False
2723.366335232,False,False
2724.544242176,True,False
2724.54425216,False,False
2726.384570624,True,False
2726.552050176,False,False
2741.364965888,True,True
2741.715056128,False,False
2747.308342528,True,False
2747.308381952,False,False
2756.442244608,True,False
2756.555081984,False,False
2761.47607552,True,False
2761.495346944,False,False
2777.83489152,True,False
2777.84680192,False,False
2778.078344448,True,False
2778.079125248,False,False
2784.665126144,True,False
2784.679055104,False,False
2793.134629632,True,True
2793.730437888,False,False
2801.46524032,True,False
2801.550777088,False,False
2831.51445376,True,False
2831.559444224,False,False
2846.389604096,True,False
2846.418434048,False,False
2860.374372608,True,False
2860.423290112,False,False
2883.226321152,True,False
2883.258258944,False,False
2903.4549376,True,False
2903.531064064,False,False
2904.112644608,True,True
2904.99154816,False,False
2906.426128384,True,True
2906.564929024,False,False
2933.724200192,True,False
2933.735736064,False,False
2951.80728448,True,False
2951.887930112,False,False
2966.499223552,True,False
2966.547360256,False,False
2967.721347584,True,False
2967.735401216,False,False
2978.72806912,True,False
2978.795288064,False,False
2988.908248576,True,False
2988.927175168,False,False
2989.307702016,True,False
2989.416891136,False,False
3020.133945088,True,True
3026.886059008,False,False
3028.845603584,True,False
3028.868935936,False,False
3071.548635648,True,False
3071.608386048,False,False
3073.915462912,True,False
3073.936102144,False,False
3086.51581824,True,False
3086.578733312,False,False
3088.951235584,True,False
3088.956006144,False,False
3101.637068544,True,False
3101.643980032,False,False
3105.568519936,True,False
3105.604051968,False,False
3109.690688512,True,False
3109.710624,False,False
3114.878842624,True,False
3114.963744256,False,False
3115.606864384,True,False
3115.636793088,False,False
3116.344171264,True,False
3116.357447168,False,False
3116.400613632,True,False
3116.417424128,False,False
3167.9631616,True,True
3168.544043008,False,False
3176.363876608,True,False
3176.555830016,False,False
3216.304918528,True,True
3217.37449088,False,False
3221.472891392,True,False
3221.542750208,False,False
3236.526075648,True,False
3236.566791936,False,False
3254.360113408,True,False
3254.392481024,False,False
3254.711960064,True,False
3254.727590912,False,False
3256.829262592,True,False
3256.835206144,False,False
3256.863387904,True,False
3256.875280128,False,False
3256.995492096,True,False
3257.007611136,False,False
3257.187566336,True,False
3257.199552,False,False
3257.243284224,True,False
3257.255401216,False,False
3257.552222464,True,False
3257.568054272,False,False
3258.241179648,True,False
3258.251144192,False,False
3296.404327168,True,False
3296.563179008,False,False
3301.734340352,True,False
3301.76245504,False,False
3304.553118208,True,False
3304.59399808,False,False
3304.662553344,True,False
3304.704719104,False,False
3305.243318528,True,False
3305.26867712,False,False
3311.384153088,True,False
3311.575540992,False,False
3327.82573696,True,False
3327.845327104,False,False
3327.863326208,True,False
3327.87462528,False,False
3331.695147008,True,True
3332.327212032,False,False
3341.413216768,True,False
3341.604742912,False,False
3356.397360896,True,False
3356.550191104,False,False
3371.477303296,True,False
3371.567346944,False,False
3386.528143104,True,False
3386.571290112,False,False
3393.59555072,True,True
3394.386678016,False,False
3401.408272384,True,False
3401.604988928,False,False
3415.531534592,True,False
3415.541861888,False,False
3415.961292032,True,False
3415.972175104,False,False
3416.504438272,True,False
3416.524459008,False,False
3446.529044736,True,False
3446.57275008,False,False
3452.029342464,True,True
3452.64703616,False,False
3461.405066752,True,False
3461.601534976,False,False
3475.958348032,True,False
3475.975044096,False,False
3476.533432576,True,False
3476.599835136,False,False
3506.49237376,True,False
3506.613181184,False,False
3521.498322688,True,False
3521.605727232,False,False
3536.53958144,True,False
3536.593619968,False,False
3551.540538624,True,False
3551.588777984,False,False
3566.468749568,True,False
3566.713935104,False,False
3566.742179584,True,False
3566.882601984,False,False
3571.018627072,True,False
3571.02251904,False,False
3581.628135168,True,False
3581.770043136,False,False
3611.411106816,True,False
3611.591053056,False,False
3621.904513024,True,False
3621.911113984,False,False
3626.403272192,True,False
3626.551105024,False,False
3627.773856512,True,False
3627.841082112,False,False
3641.346772736,True,False
3641.363741184,False,False
3678.86391424,True,False
3678.88002432,False,False
3686.556041472,True,False
3686.640624896,False,False
3693.0417344,True,False
3693.05504512,False,False
3699.878161408,True,False
3699.88975616,False,False
3701.499085056,True,False
3701.544491008,False,False
3710.729727232,True,False
3710.740300288,False,False
3712.092119808,True,False
3712.132267008,False,False
3722.724784896,True,False
3722.74583424,False,False
3731.871731712,True,False
3731.887688192,False,False
3732.62381952,True,False
3732.639902976,False,False
3742.3169152,True,False
3742.32495616,False,False
3751.8460096,True,False
3751.856995072,False,False
3771.731961856,True,False
3771.742569216,False,False
3773.14259712,True,False
3773.150377984,False,False
3806.538579712,True,False
3806.58973312,False,False
3832.72070016,True,False
3832.740948224,False,False
3832.772323072,True,False
3832.803316992,False,False
3832.819645184,True,False
3832.83597312,False,False
3836.525189632,True,False
3836.578594304,False,False
3866.501726976,True,False
3866.540598272,False,False
3896.522833664,True,False
3896.56707712,False,False
3907.449587456,True,False
3907.468312064,False,False
3907.52221568,True,False
3907.554505984,False,False
3907.655003136,True,False
3907.671047168,False,False
3926.496366848,True,False
3926.561858304,False,False
3928.245355264,True,False
3928.264633088,False,False
3941.113460224,True,False
3941.127415296,False,False
3941.535709696,True,False
3941.595789312,False,False
3942.73335808,True,False
3942.752740096,False,False
3953.50751872,True,False
3953.556467968,False,False
3956.39190144,True,False
3956.549213184,False,False
3971.450999552,True,False
3971.564829184,False,False
3977.380440832,True,False
3977.411369984,False,False
4000.159198208,True,False
4000.170065152,False,False
4008.238948864,True,True
4009.063329024,False,False
4016.387714816,True,False
4016.559902208,False,False
4026.392705536,True,False
4026.427303936,False,False
4036.226334976,True,False
4036.236592896,False,False
4039.936146688,True,True
4040.76900224,False,False
4046.488528128,True,False
4046.582135296,False,False
4067.266455808,True,False
4067.388625152,False,False
4068.866650112,True,False
4068.88463616,False,False
4076.517153024,True,False
4076.557726208,False,False
4081.493030144,True,False
4081.531715072,False,False
4082.1928256,True,False
4082.199385088,False,False
4083.315028992,True,False
4083.344751104,False,False
4098.023777024,True,False
4098.029090048,False,False
4100.234421504,True,False
4100.258518016,False,False
4106.543557632,True,False
4106.603938048,False,False
4139.479734528,True,False
4139.484973312,False,False
4142.871927552,True,False
4142.888097024,False,False
4151.53418112,True,False
4151.593576192,False,False
4187.558980608,True,False
4187.569940992,False,False
4188.463424,True,False
4188.476783872,False,False
4196.531020032,True,False
4196.574617088,False,False
4206.091690752,True,False
4206.139810048,False,False
4211.522230528,True,False
4211.56592,False,False
4226.469740032,True,False
4226.493725952,False,False
4284.77079808,True,True
4285.51568,False,False
4285.542492672,True,False
4285.569120256,False,False
4286.373377792,True,False
4286.542386944,False,False
4301.513946112,True,False
4301.56990592,False,False
4306.561115136,True,True
4307.308737024,False,False
4311.398554112,True,False
4311.40907904,False,False
4316.37232896,True,True
4316.538648064,False,False
4316.665960192,True,True
4316.822416896,False,False
4346.517257984,True,False
4346.54679808,False,False
4346.556527872,True,False
4346.614907136,False,False
4371.181762048,True,False
4371.185748992,False,False
4378.834039552,True,False
4378.927869184,False,False
4406.503912704,True,False
4406.557851136,False,False
4412.572718336,True,True
4412.73728512,False,False
4429.659187456,True,True
4430.195185152,False,False
4430.209957888,True,True
4430.21488896,False,False
4431.948242176,True,False
4431.968308224,False,False
4436.3797824,True,False
4436.864510976,False,False
4436.886742272,True,False
4436.901452032,False,False
4436.926496256,True,False
4437.277114112,False,False
4444.140113664,True,False
4444.158909952,False,False
4444.513832704,True,False
4444.818386944,False,False
4448.550343424,True,False
4448.563660032,False,False
4451.402827008,True,False
4451.545286144,False,False
4495.064907008,True,True
4495.7163072,False,False
4495.892026624,True,False
4495.902679296,False,False
4496.387114496,True,True
4496.539209216,False,False
4513.136721664,True,True
4513.42998912,False,False
4513.433700096,True,False
4513.437411072,False,False
4539.20407936,True,True
4539.84553728,False,False
4541.389480704,True,False
4541.534178048,False,False
4546.404708352,True,False
4546.447133184,False,False
4557.08318336,True,False
4557.099031296,False,False
4557.461199616,True,False
4557.47521024,False,False
4561.81309952,True,False
4561.84696704,False,False
4567.566797568,True,False
4567.586582272,False,False
4586.610435328,True,False
4586.616968192,False,False
4601.5298496,True,False
4601.589668096,False,False
4606.79574528,True,True
4608.94159616,False,False
4608.953098496,True,False
4616.714331136,False,False
4617.364971008,True,False
4617.397139968,False,False
4623.092943104,True,False
4623.108984064,False,False
4631.572147968,True,False
4631.607773184,False,False
4631.637150976,True,False
4631.666401024,False,False
4663.491451136,True,False
4663.507675136,False,False
4663.541394688,True,False
4663.547887104,False,False
4673.168430336,True,True
4673.70452224,False,False
4673.704703232,True,True
4673.708506112,False,False
4676.380820736,True,False
4676.548397056,False,False
4682.54433536,True,True
4683.657057024,False,False
4686.289583104,True,False
4686.315660032,False,False
4691.425424384,True,False
4691.57392896,False,False
4695.884575488,True,False
4695.897914112,False,False
4696.409935616,True,False
4696.415229952,False,False
4696.596871424,True,False
4696.605944064,False,False
4700.253742336,True,False
4700.264677888,False,False
4701.186361856,True,False
4701.197145088,False,False
4703.76589952,True,False
4703.776483072,False,False
4703.83659392,True,False
4703.847037952,False,False
4703.912566016,True,False
4703.917818112,False,False
4704.118602496,True,False
4704.135137024,False,False
4723.17104896,True,False
4723.215103232,False,False
4723.2332352,True,False
4723.487084032,False,False
4723.71078784,True,False
4723.716085248,False,False
4723.864214784,True,False
4724.346123008,False,False
4724.703748864,True,False
4724.838084096,False,False
4724.895965952,True,False
4724.909945088,False,False
4725.536068864,True,False
4725.558283008,False,False
4725.649085696,True,False
4725.769810176,False,False
4726.58754432,True,False
4726.749565952,False,False
4726.761775616,True,False
4726.765814016,False,False
4726.988060416,True,False
4727.02608512,False,False
4727.26610688,True,False
4727.36208512,False,False
4728.027637504,True,False
4728.082019072,False,False
4736.383567104,True,False
4736.560507904,False,False
4738.426898176,True,False
4738.43490816,False,False
4739.184396032,True,False
4739.19233792,False,False
4740.092052992,True,False
4740.103975936,False,False
4740.116113152,True,False
4740.128250112,False,False
4740.722631424,True,False
4740.730527232,False,False
4741.221650944,True,True
4741.650737152,False,False
4744.041237248,True,False
4744.055808,False,False
4746.514832128,True,False
4746.524725248,False,False
4748.853836032,True,False
4748.861792,False,False
4748.931041536,True,False
4748.95625216,False,False
4775.740440576,True,False
4775.748600064,False,False
4776.29044864,True,False
4776.304337152,False,False
4794.389352192,True,False
4794.402755072,False,False
4796.889990656,True,False
4796.979908096,False,False
4797.100503552,True,False
4797.198836992,False,False
4797.466857728,True,False
4797.486681088,False,False
4797.571818752,True,False
4797.641126144,False,False
4798.13476736,True,False
4798.206792192,False,False
4799.027917312,True,False
4799.049466112,False,False
4799.096651776,True,False
4799.428081152,False,False
4799.751468544,True,False
4799.876135168,False,False
4799.921337856,True,False
